,mIoU,Safe mIoU
baseline,0.34226080775260925,0.3606262803077698
early,0.3594692051410675,0.3788067400455475
late,0.3547166883945465,0.36669859290122986
adaptive,0.3606976270675659,0.37612226605415344
